02e4891dec6f734c672d2bdc157062c4b7fcae1b,1638596981,0.004668400359377189,0.00021702373810598516,1,0
e27939505a3a9ed45e72a4175ad022fce8f72023,1638598344,0.004668400359377189,0.00021702373810598516,1,0
37e5cf67a15274954bc4f80672d194d6e2316cf9,1638600370,0.004668400359377189,0.00021702373810598516,1,0
aa92103073c54c7d17df550118e1b6c350e66dbd,1638600370,0.004668400359377189,0.00021702373810598516,1,0
58647e33573029745ea8d885aee837916057275f,1638600370,0.004668400359377189,0.00021702373810598516,1,0
0904380f2e7e601d336be8535252c34d741fb722,1638639729,0.004668400359377189,0.00021702373810598516,1,0
030d930952d5ba64ab41818ef54fc06765681b2f,1638641251,0.004788948327165124,0.0002731363395934642,1,0
5c5e32ebbca500a0d96e6598186d5cf829365f74,1638656675,0.004788948327165124,0.0002731363395934642,1,0
806a627709fb09af9f04515748a937d601f33e7c,1638660033,0.004788948327165124,0.0002731363395934642,1,0
cb0475ec1fcfcdb158a0b6f41a6eb4c425803fba,1638662355,0.005226836244343519,0.0002731363395934642,1,0
775f09246c87f6cb21f44ae59372538c4c95d675,1638674102,0.005226836244343519,0.0002731363395934642,1,0
259daa613098da418ae41e694be228384592f516,1638683155,0.005308231880713149,0.0002731363395934642,1,0
a96c2692d66dd29e63ef967df65b076c17023561,1638766615,0.005308231880713149,0.0002731363395934642,1,0
1e455b092b6c07eb05c8996bb45f02e14b9e7a23,1638830075,0.005308231880713149,0.0002731363395934642,1,0
071fa7b86ee9b23bc1ebd62019c4fd4892f80337,1638831199,0.005308231880713149,0.0002731363395934642,1,0
470626663e047308d0889cf0c02b82295daf2159,1639000922,0.005308231880713149,0.0002731363395934642,1,0
12ab376eceec65a18a2410a0d26c4404a25254b7,1639008372,0.005406112709258908,0.0002731363395934642,1,0
7ba3d418e4096b44551a5a93bfc4e6c03d4912e5,1639153756,0.005406112709258908,0.0002731363395934642,1,0
01f918c54205025fbcf2811bbd186e5432f35bcc,1639154311,0.005406112709258908,0.0002731363395934642,1,0
9567c47c404bfa2f878ddaf65d556a7a9d33214f,1639158631,0.005406112709258908,0.0002731363395934642,1,0
4b25bbca130afb71760a6eab529e3933583af192,1639162869,0.005406112709258908,0.0002731363395934642,1,0
cbaf57c6fca9bfb34ba4a0b4d5b86087e9628a99,1639169501,0.005412294656324956,0.0002731363395934642,1,0
a81064bdd725e242f8acb14e9ca62dd5ff316a34,1639169501,0.005450416663232252,0.0002731363395934642,1,0
baf72c8690240bb8124b48619674cc887c3f2a7f,1639169501,0.005513266458403739,0.0002731363395934642,1,0
2dee056417983fda597f60205e2373199bbda976,1639169501,0.005533872948623899,0.0002731363395934642,1,0
6b8c200bd5fbed55d11ed730298906c5e0b7cde6,1639170502,0.005533872948623899,0.0002731363395934642,1,0
7c0b0f1b7f2e03ed4afc799308f06904487ad686,1639172754,0.0056441176713017535,0.0002731363395934642,1,0
06ae6a61b9ab246556e390c241aa5303e6b888d2,1639172939,0.0056441176713017535,0.0002731363395934642,1,0
4bb655682bfec0ffb5f1c2935f38725ffb6bbc5a,1639175264,0.0056441176713017535,0.0002731363395934642,1,0
af889ff294c91d67ed332144eb11a21911e51192,1639176080,0.0056441176713017535,0.0002731363395934642,1,0
7f58a3e9c1f264ad19f897a009f6223145b0f1ac,1639177847,0.0056441176713017535,0.0002731363395934642,1,0
170c2db6ad2831e3c3747f1fc8b0c78db0d05804,1639180808,0.005716240387072313,0.0002731363395934642,1,0
601bb1dab0eec5b7569e504402878865adac2c4a,1639184319,0.005716240387072313,0.0002731363395934642,1,0
732a044595ff09d732c6f7d634f4549d0ece1254,1639184491,0.005716240387072313,0.0002731363395934642,1,0
51ed025878e01fae99529ef7c192a6fe47414ccd,1639185931,0.005716240387072313,0.0002731363395934642,1,0
c049146c89dc96e3dfed315fcb263809db73b78c,1639191545,0.005716240387072313,0.0006956312213815417,1,0
54b668d633917d62d7dfd0b7fe5aee9b864d6bf3,1639201869,0.005716240387072313,0.001355779474175413,1,0
883a3e05ad489b9095693155a23569fd4836acaf,1639204231,0.005716240387072313,0.001355779474175413,1,0
d32d11610592e20715586fc2397ef783c3ab442f,1639247505,0.005716240387072313,0.001355779474175413,1,0
58ffdd9a6a02213dff98faab35e0fa9b4194dcbd,1639252699,0.0057543623939796075,0.001355779474175413,1,0
273af980ba3d17a17945dc1b678956d72356b836,1639315865,0.0057996966724639595,0.001355779474175413,1,0
b504211fbc9f9f91f1a4d22331991a803d886996,1639364244,0.005900668474542742,0.001355779474175413,1,0
6388ede0eae927fa465d9d05644e813b34cbe701,1639420242,0.006084066237502164,0.0014283957819827388,1,0
c2e7fab332cf1ef0c5ef8abd7b298476a6e67362,1639426475,0.006287040166170737,0.0014283957819827388,1,0
c4237852dd5c88024da068a6b529dcfb2004e395,1639428273,0.006287040166170737,0.0014283957819827388,1,0
dd5df603327ccec8bf865d387c8634d371caea78,1639428885,0.006287040166170737,0.0014283957819827388,1,0
146b615f0b18994d0f181cea136b11b531cc1ae0,1639430465,0.006287040166170737,0.0014283957819827388,1,0
d707e517c104e130c0482fb8e89878499b3fde8d,1639432211,0.006325162173078032,0.0014283957819827388,1,0
4c4badb22cc84b6b280c3c9950d2be50a672ee1c,1639454882,0.006325162173078032,0.0014382980057746468,1,0
5b27aff9c8d5334259be0198134c44c4e2f9f232,1639456387,0.006358132557430288,0.0014382980057746468,1,0
88719678249840436b60c36e90be6f8152eec0b8,1639457704,0.00638286034569448,0.0014382980057746468,1,0
e084bd390122b6d387f6d76c948d57c7cc0e7af8,1639459268,0.00638286034569448,0.0014382980057746468,1,0
55077fd93b55e5fac8cf17f42d12a57f8e9c8ad6,1639463813,0.00638286034569448,0.0014382980057746468,1,0
127b7ed07648e3c96174873dfed68e252e9262fe,1639465873,0.00638286034569448,0.0014382980057746468,1,0
d3d8bfd7176e3b8e999dafd712deab69ce16d9ad,1639497702,0.006453952736954031,0.0014382980057746468,1,0
cb40382361af79e7eaddff534dbf529d57f14234,1639640708,0.0065672884331649094,0.0014382980057746468,1,0
d6f1808a3cbde18af20382d1f1e9aedd95647c2d,1639758910,0.0065672884331649094,0.0014382980057746468,1,0
4895f3e87a70740b24d25b06d24f8c421e07e4be,1639772288,0.007080390039646887,0.0014448994883025856,2,0
e31ac0f3a6d3180cc28fd133d1aa41d7e4235479,1639773946,0.007161785676016518,0.0014448994883025856,2,0
07b948462027da47a8197b856b30586dd05b2348,1639774664,0.007175179894659622,0.0014448994883025856,2,0
dad1e9bfc48e94b91544f3a8051583a870147122,1639779193,0.007175179894659622,0.001470480233098348,2,0
a7fa1876a28ad39db32a28ff4d17d6009103464b,1639851057,0.007175179894659622,0.0015175157961099114,2,0
d6eaedc45b158bdcc52992913b7d61409ffa2aa0,1639852867,0.007199907682923814,0.0015183409814259036,2,0
7d5933cac839ba63a8a26046d6b2e0bd1a7c969e,1639855714,0.0072369993653201015,0.0015183409814259036,2,0
936214af305d52663923ca2971e8da6968b3e085,1639859320,0.0073400318164209,0.0015183409814259036,2,0
1b0c93d98dc5d78be5ea8fcf28feb49763b6bf5b,1639861496,0.0073400318164209,0.0015183409814259036,2,0
ff7dae53a17a0ea281034c21a1d5f9c67be5e7b8,1639863435,0.007401851287081379,0.0015183409814259036,2,0
4f28f0caad4b678aee2d771e652a35d3572ab3f5,1639863435,0.007422457777301539,0.0015183409814259036,2,0
9a45b9a969d40e1f2d767e9ca950898ded9cf058,1639867494,0.007422457777301539,0.0015183409814259036,2,0
6710264b16bf0a3173630bfb649d1322385161a0,1639961930,0.007434821671433635,0.0015183409814259036,2,0
a6bc6548d14b20f5e3f5ed3ba09db652dbfeed04,1639961930,0.007460579784208834,0.0015183409814259036,2,0
6557272f1559ed97da8d9bfcac7df2866cb51dde,1639965702,0.007529611526446369,0.0015183409814259036,2,0
0e69d72ad9ddddc2b161030c49218b61cda5452e,1639967551,0.007529611526446369,0.0015183409814259036,2,0
731c776d7706b2064891c095503021577182136f,1639967551,0.007529611526446369,0.0015183409814259036,2,0
07f111297380aa5cfc7cc7ba32e51f09402b8f8c,1639969733,0.007529611526446369,0.0015183409814259036,2,0
03d96f849420d4993f077a11918b538c8d9d30c0,1639971356,0.007529611526446369,0.0015183409814259036,2,0
bcbc21dcf96d83da4adc52d81c39769adb3e98e4,1639972962,0.007558460612754593,0.0015183409814259036,2,0
41800b0db08915d62b577efc609d4c6703d66b52,1639974673,0.00762131040792608,0.0015183409814259036,2,0
e4b2ebbd1055895fab4134e1b34a07d5a9f1fd5b,1639975329,0.00762131040792608,0.0015183409814259036,2,0
9ca2c1e656cfd30360e0884158f5d033903577dd,1640162599,0.00762131040792608,0.0015381454290097198,2,0
752cf7d81ea3088b44b3c28c6eecbab2d72ae1ed,1640165453,0.00762131040792608,0.0015381454290097198,2,0
45a94769e0ffc1181097bf3d37681038e14fc06e,1640195678,0.00762131040792608,0.0015381454290097198,2,0
5320b11a12dc8aba1f0bb40dcad3d7a75cf65a23,1640204491,0.00762131040792608,0.0019878714262255444,2,0
df1da34ff552d94af7ef77573eaba7bef75fcad6,1640206970,0.00762131040792608,0.0019878714262255444,2,0
70f508e4d1a0c50ecef8edc4d56a477f81eb22f9,1640235267,0.0076882815011415995,0.0019878714262255444,2,0
8222cc153fb058dd3c8f987b33f5be6b38d7412b,1640236018,0.0076882815011415995,0.0019878714262255444,2,0
21294ec170e94c7ec5e3f4119d564588330848ba,1640239475,0.0076882815011415995,0.0020274803213931767,2,0
c74cffd25a9e6cb4aa7eae8bff87104421f2fb56,1640239654,0.0076882815011415995,0.0020274803213931767,2,0
90850d4ebd114f759f42c98d3b9a0582f7a32241,1640240999,0.007713009289405791,0.0020274803213931767,2,0
771aa0ebd045391482727697b501c5091524f835,1640566363,0.007713009289405791,0.0020274803213931767,2,0
b7e85aabebaf6b096f713d149f827ace3c394a6b,1640567563,0.007713009289405791,0.0020274803213931767,2,0
0bf1322a08f2433587973bb4e369c0f23aecb66c,1640568792,0.007713009289405791,0.0020274803213931767,2,0
0d21963a4685733acf66a739c0b63b2a45fa510b,1640574446,0.007713009289405791,0.0020274803213931767,2,0
2d0592ead7e70010cea3835b9528597c58f7fb6a,1640634315,0.007762464865934174,0.0020274803213931767,2,0
2e83576b9f78763d9b3823a33c3b1bc39f4b1568,1641309516,0.007762464865934174,0.0020274803213931767,2,0
81e6fbb4fafaf09b784632a36e54d78f23dcd624,1641317764,0.007762464865934174,0.0020274803213931767,2,0
8824a60e04e815658fb828d26db7e4d2f68844ef,1641318926,0.007762464865934174,0.0020274803213931767,2,0
fab79416c4ae74f7463fee83576783e8319f6ce2,1641319414,0.007762464865934174,0.0020274803213931767,2,0
92b149ebc885d7f6de74d0fedf0fe6d383d889e5,1641401273,0.007762464865934174,0.0020274803213931767,2,0
a04e13fdacd13512cd8a9447ae08ccb1b7acc95a,1641401273,0.007762464865934174,0.0020274803213931767,2,0
04c103d1e7a8790c80dfe5fc2bd6ea02c9fb4c2f,1641404042,0.007762464865934174,0.0020274803213931767,2,0
1028f17850bf407c9c872b9310755cb93b0c9e59,1641406370,0.007830466283660702,0.0020274803213931767,2,0
73aadc4cb2c3ad6b619739019cd1b6ed72f43e19,1641594708,0.007830466283660702,0.0020274803213931767,2,0
a05b3361d927ec716b8f233271b77df8dfeb026d,1642013811,0.007830466283660702,0.0020274803213931767,2,0
55c008ae3942d7b019afb6c1b997fb1d4d48414e,1642042192,0.007830466283660702,0.0020274803213931767,2,0
1a4ab90b087ce72d15efc7d12f3e9cf37168858f,1642283692,0.008043743457439355,0.0020340818039211155,2,0
6aa4640a13ce98cdb8f332a2579107ff50662177,1642307849,0.008043743457439355,0.0020340818039211155,2,0
4c5b64be4c5e2574705f627896bfaadfe183a7ac,1642414446,0.008329143346988567,0.0020340818039211155,2,0
f8f50d688dd9e9565d86056cae1842be425be020,1642732425,0.008329143346988567,0.0020340818039211155,2,0
5e17548afb47dc1bf37f2ae2b5821e4b3d14329e,1642788141,0.008329143346988567,0.0020340818039211155,2,0
41554303af3cccf5e7945281145b3331460902f5,1642788381,0.008329143346988567,0.0020340818039211155,2,0
265cea7bd399a17f6efb1ec1e10b62ccce1a43c9,1643829649,0.008329143346988567,0.0020340818039211155,2,0
907045c74578392f225ce8eb8d7b0e4bc51363cd,1643830223,0.008351810486230743,0.0020340818039211155,2,0
e4ecefdbf8968f01f7c142707a570dc747f2c481,1643841308,0.008703151144484467,0.0021529084894240124,2,0
0c2a50fae543bef83d87ba698d1b6599ef3da1ed,1643905284,0.008863881768201713,0.0021529084894240124,2,0
e7ecf7638b30bcf5e5d5f27fc00088ca12d2b778,1643913253,0.00921831339998846,0.0023237218498344267,2,0
1f1f2f07bf835aa9789d4faf53c8b7cf31b90823,1644013829,0.009552138541555049,0.0024012892695377064,2,0
a18377f642a680ed85aa763cdb8118ae072ea065,1644027525,0.009552138541555049,0.0024012892695377064,2,0
31541274e40b487551de6c3f098efc7a93f4a5d0,1644257788,0.00972523305940439,0.002407890752065645,2,0
9774ae206a04014741784d4234d9c9c7bd88c527,1644261330,0.009822083563439141,0.002453275944445224,2,0
a546386d253ad358a4a69204beeb81bf87f6e14b,1644261889,0.009884933358610628,0.002453275944445224,2,0
545e8654b6fcfac83c540d8af010b10d1c6cbf46,1644286587,0.009884933358610628,0.002453275944445224,2,0
df8b5ab1937bb2ddcda40240eb28db837484b8a1,1644349887,0.010010632948953602,0.002453275944445224,2,0
04753a5a951c3f615b8a3729f6486a6363afbe89,1644351304,0.010010632948953602,0.002453275944445224,2,0
e8101b9bd2ce84d456157497679f41e7ae5c7d98,1644577423,0.015236438868786112,0.021092561862080177,4,1
f81db66a4804bc9e95a8a3e96e1c0739196aaad1,1644607306,0.015236438868786112,0.021092561862080177,4,1
cab670db143823e125236131a17831174d1fa0f1,1644614124,0.015236438868786112,0.021092561862080177,4,1
b0d1a34796e097e5cbe208558b174af22208367d,1644835508,0.015408503062124447,0.021105764827136053,4,1
3808bef5f1864b51b5ff1f598514634e2bcc23ed,1644857805,0.015408503062124447,0.021105764827136053,4,1
d89b42d415c630ba528283e19c26723503e0db42,1644860103,0.015408503062124447,0.021105764827136053,4,1
d30f2bd2959e93ca6da30f632e6870eaca427bec,1644863489,0.015524929731868349,0.021105764827136053,4,1
453204fb48cc6b9541b3342f217c5335ec69be08,1644877838,0.01578457150864236,0.021105764827136053,4,1
c45a5fe3e6ac8c68d900f8c6497bbb3a7a38bde4,1644879791,0.01580105670081849,0.021105764827136053,4,1
a49ceff8bbcc06f13bcb8e0e5ecf3b1ad8456a50,1644880197,0.01580105670081849,0.021105764827136053,4,1
161c5a05e7f0639ae7b2a4769723881eb283c997,1644886643,0.01580105670081849,0.021105764827136053,4,1
424ddb236312cfb5e53c0afcd8cc2f41dcd2aaff,1645193860,0.01580105670081849,0.021105764827136053,4,1
dbc77c528d6c2ba5d2dfe05ff25dbc2cf6850a9b,1645202314,0.015973120894156825,0.0211222685334559,4,1
a1c0560820d664ddd740a41c776db4fc6726fce4,1645207829,0.015973120894156825,0.0211222685334559,4,1
12cea66e1ef47ca7d10fe64d65a58c2f77032b29,1645246570,0.01611839665020895,0.0211222685334559,4,1
1f7111f5433bd36b97a21383d8db76104581c4c6,1645246661,0.016402766215247153,0.0211222685334559,4,1
e5c724ea56561caeb4f2acd073a68772d35f1c65,1645294534,0.01659955819684968,0.02112556927471987,4,1
8a0deac624e9bf1fc5abac49f24fd94dfe7dcba5,1645303314,0.01659955819684968,0.02112556927471987,4,1
73a38447bb7e30a9be49cce7a077fa7c56f36f41,1645303385,0.017050840332671176,0.02112556927471987,4,1
9f6edf4c83719571fdaad6a44b7f9bb028bf6cb1,1645303903,0.017275451076070918,0.02113217075724781,5,1
f6323fd7eea9a464d886ff434c0880ebf4be035a,1645309774,0.017275451076070918,0.02113217075724781,5,1
0acfee1d32dbca3ae9b6995c6a20769e2e92d501,1645322348,0.017471212733162437,0.021138772239775748,5,1
3348f219a58125c8dd152d34dcbfe5197ca98094,1645322420,0.017610306542148516,0.021138772239775748,5,1
f2992823ff896250ab1a2da0043ebc88680f758a,1645323847,0.017844190206147328,0.021145373722303688,5,1
fb8777991b8a9f3d2926e6be4b428e83034505c4,1645336242,0.018115165552542428,0.021151975204831624,5,1
c03cf8cc2e37aa26e9343c5fbb3025b17af13423,1645353539,0.018115165552542428,0.021151975204831624,5,1
cba73c5b190891173345a823f0b2ffac5717ebd0,1645392732,0.018599418072716183,0.021151975204831624,5,1
cc7fbc8db5dd1bed87b18b004fe0202266a1ad0b,1645403525,0.018599418072716183,0.021151975204831624,5,1
054c871fdf46ea825e41112da017a792c099a00f,1645417916,0.018988880737877203,0.021158576687359563,5,1
1f1a73835e81b5b1a0dd09e7dbf1dd537f93c72d,1645421620,0.019253674137206255,0.02116847891115147,5,1
fd4bfce4d31a3a1346b9b831ba02302e0b0c90b8,1645462474,0.019253674137206255,0.021165178169887503,5,1
2cdfb6a71d78579521b07e9629506f407722c682,1645475756,0.019889384360498183,0.021214689288847042,5,1
fa818562dd1078d46d99557ce78362d0a7f3b43c,1645476608,0.019889384360498183,0.021214689288847042,5,1
fd388e9b3943f563b95147bab80f04a58d4ded52,1645496615,0.019889384360498183,0.021214689288847042,5,1
9fd6e534212135df4a17b60e7b616d104a67c10b,1645496680,0.020346848443385728,0.02122129077137498,5,1
fbcb44e0baba307468ab48218e13bf854a6cf431,1645542607,0.020346848443385728,0.02122129077137498,5,1
b4ca982d149a04e1e3593cabeded687f8310e674,1645545296,0.020346848443385728,0.02122129077137498,5,1
9b1333d3835e7e903a28d068fcdeff68d3b812e6,1645546825,0.020346848443385728,0.02122129077137498,5,1
7401bfad283168c0b52e1203d31e707319249455,1645569090,0.020346848443385728,0.02139045376115341,5,1
c89ab6949d6589e5d612008834018869407cc83e,1645577059,0.020910435950907098,0.021563742677511804,6,1
5b881ca5848f59e7969e60cbe576c9e40b637ac3,1645651907,0.020910435950907098,0.021563742677511804,6,1
698ab493bbd51a91d7d3339efa2234b713385a5e,1645805388,0.020972255421567578,0.021563742677511804,6,1
dfc8ac9f34a52e998d120602eae1dcd8561f7e64,1645805551,0.020972255421567578,0.021567043418775772,6,1
0ac77d8abd1f29c31df2ceecc7478b8f01bca8db,1645922293,0.02143590145152117,0.021603351572679435,6,1
cc4131830953bee754c40c600fa617c9ed8d9a75,1645931988,0.02143590145152117,0.021603351572679435,6,1
9a7bff8210470c38581a0f41aa10bdea56737337,1646012926,0.02143590145152117,0.021603351572679435,6,1
e941e1b24ee38d473fb725ba8dea716801b8cdca,1646086155,0.02170275549987224,0.021828627163945343,6,1
b2f71a4d0c54cf076825cfc6c52dde69bfaa5f51,1646087982,0.02170275549987224,0.021828627163945343,6,1
96c1f7c70ec5c4c1d3430f8bf38184f7555c68f0,1646129725,0.021787242109774896,0.021828627163945343,6,1
b514af8235e9fd8a50f9af34c4077f5d5b23dfb7,1646748300,0.021787242109774896,0.021828627163945343,6,1
ea2103c37700806cc9ae33794ea9f8fddaa77722,1647084664,0.021787242109774896,0.021828627163945343,6,1
dbd10df4a0c8744fe886e396e6222420ad2ee7e5,1647446877,0.024986399716454694,0.021930950143128392,7,1
3daaf1e1d7838b2ba5baedb31a273f8e950eb87a,1647511738,0.024986399716454694,0.02212321832175461,7,1
604f607649d5639a4cc8ecbd9a7157191397fd2a,1647573902,0.025200707214744357,0.022289905755585062,7,1
73177c2f61189e9d171d5a1ec782aba6db0352fe,1647713652,0.02582920516645923,0.02253251023848681,7,1
3d28892da9044f59a3ae95af29aa8b46b03cebf8,1647735251,0.02582920516645923,0.02253251023848681,7,1
2d3f121d3fac92d7fdb80b007228b925f5333be4,1647811035,0.02582920516645923,0.02253251023848681,7,1
6d2ffe3907f775a129b89d72f1e152a3f7e0425c,1648083611,0.02582920516645923,0.02253251023848681,7,1
9a09827ef6db8fb62cef3be70a67b20fe6a3f097,1648117662,0.02582920516645923,0.02253251023848681,7,1
14d95239209cda7b2e0c4251f5b074f60548bf1c,1648243626,0.02735923706530609,0.022623280623245964,7,1
a7d73625fe889bf925b03981602f9b184af23fef,1648253242,0.02735923706530609,0.022623280623245964,7,1
c48f7d50ac833882feb2a9845dd45783a3b32f78,1648391922,0.02735923706530609,0.022623280623245964,7,1
96642a6c760bc86bf72faf2a56dbdb8150d28e13,1648429191,0.02735923706530609,0.022623280623245964,7,1
3839fa809ed4ca3432dc4ac2cb8c312e6a35064f,1648720458,0.033811129153238105,0.026514029388149844,9,1
2c10b797de7d7553588ee37ccf11889f99b43100,1648881018,0.035780079293774365,0.0266477094093406,10,1
e5c67fb4584862f2dc87d16339c997f38cb7b09d,1648904743,0.03605208496468047,0.02667081459818839,10,1
ae0c84368812db6f4f8dc403e0881ce3ab1fdf47,1649008475,0.03605208496468047,0.02697778353573754,10,1
3ea1f4d11a5190fab744541b6e07b2bfe011b9bc,1649085921,0.03605208496468047,0.02697778353573754,10,1
5e9518d44b4683859926f47471ba4f883b7c58f5,1649138696,0.03631584803949852,0.026984385018265476,10,1
f99178573cb08417b761d25022c6575697bc1ebf,1649216110,0.036620824094756886,0.02779636736920194,10,1
77447672c0b66a19b83369f14145c51f35b2b231,1649443471,0.036620824094756886,0.02779636736920194,10,1
04a22700e884598f9a92282abe54c96d0828d383,1649450492,0.036620824094756886,0.02779636736920194,10,1
6ab8f2bb7de8f2cb2af9eb62eca40d9c01dd5ae0,1649469872,0.036620824094756886,0.02779636736920194,10,1
ab9b236051bdc72f69078ca9b1872db0c012fefd,1649527238,0.03726683756315889,0.027880536271433158,10,1
0ca099cc6b9de24b6d8e97787e7c62e901747a0c,1649542409,0.03726683756315889,0.027880536271433158,10,1
c994554215150cbfa0564b4809422242346f3757,1649542629,0.03726683756315889,0.027880536271433158,10,1
a3da290a0a7905eac74465abb99a16d299bd6415,1649626789,0.03726683756315889,0.027880536271433158,10,1
535596f0e3a88eae14fa0a2f91ad80f0a0eced82,1649630350,0.03726683756315889,0.027880536271433158,10,1
7387fabbb5c659e4606860c27bb145fba9c88831,1649645728,0.03726683756315889,0.027880536271433158,10,1
71beec00a6b79af32fd3bf1c5abb9175b1bb72bd,1649930703,0.03786442577954353,0.028387200055452453,10,1
2f23e4205565dcf05bd4a236413020249dd660cd,1650652779,0.04426377131741413,0.02881959716103244,12,1
de52755541c6ff54ea8b5b3fd4e52763c8646388,1650748087,0.04426377131741413,0.02881959716103244,12,1
57607477aac4d65defe25edc03d972ef8d83812d,1650909680,0.04426377131741413,0.02881959716103244,12,1
3d77a08fd09206a097e450fa61e6b2871129539e,1650941039,0.050705360160236065,0.029440136518658677,14,1
26c32cbc5fc48f5833c31ae958b2b41c3eeced5c,1651003577,0.050705360160236065,0.029440136518658677,14,1
5e06dce04b3b071e499053135147583cf6753c58,1651077566,0.050705360160236065,0.029440136518658677,14,1
564e041e122ce67b157a31a8d372ab1ffbccf7db,1651352286,0.054656654659951696,0.029779287683531528,15,1
c5b771d1ec3800d62bc20f19aab4fe4cbc273e85,1651522947,0.05480914268758088,0.029779287683531528,15,1
cbe1c0f16160d0f57fd7887203926b171e1bc713,1651582879,0.0548895079994395,0.029779287683531528,15,1
52a2135a499ef3051069244a0696d1ffb5f7782b,1651627100,0.0548895079994395,0.029779287683531528,15,1
dc6e4180d7f70db965a566e2e82033406c118819,1651627112,0.0548895079994395,0.029779287683531528,15,1
ef6b5c7026353578354b2fadd115b54aa5ddcfd4,1652216744,0.055391276036300396,0.029779287683531528,16,1
a59dc01b9aeab6d17fc6188b775bddd5f291309d,1652217726,0.056116624492050016,0.029802392872379315,16,1
b9b0c9485ec95ef136ffb1693345f89d875181cd,1652455723,0.057094402452996594,0.029818896578699162,16,1
23c8392efb62d6228e82c9070be507bcabb8a3ae,1652675872,0.057094402452996594,0.029818896578699162,16,1
a3800df6a6c1e729bd695063bd912bf6105aab6f,1652676153,0.057094402452996594,0.029818896578699162,16,1
b86f758d7b0a1be919cb90042703e7e89f6620a7,1652848738,0.058696557067614015,0.029894813627770456,17,1
73319756e2290e0b1542c7618d6f0b91670411ae,1653095960,0.058696557067614015,0.029894813627770456,17,1
78ea09e9b710fe3aff35d2c9074a24889a367dca,1653096000,0.058696557067614015,0.029894813627770456,17,1
d2400fa2feadc37501946a89750a75b3b3f444e0,1653096666,0.059578514849036854,0.029901415110298396,17,1
d8f63f825ebb48c1c297a4f84b9ef1811031b7ff,1653096676,0.05977427650612837,0.029901415110298396,17,1
eefbad531fb11463af0cc58f52ea883294c675ec,1653096808,0.06148358486989062,0.029954226970521906,17,1
c1e0b0f23cb8a132c8e96ff7c0847808f560fd79,1653097636,0.06148358486989062,0.029954226970521906,17,1
4a833515f16dc3c1a446e3b86ed9fc8e481338af,1653177867,0.0616875891230702,0.029954226970521906,17,1
192ff5d494a3ca870955d36744aeb20a3aaf4565,1653179338,0.06312695246494836,0.029997136606953505,18,1
acf71b9fca65d7bcfc82c2e5e4afc03beca7829e,1653246906,0.06364932699202941,0.030003738089481445,18,1
e52aab21a766d1901a29c95e6b01c20548db1f2a,1653442930,0.06389042292760527,0.030055724764388964,18,1
59ed837f2af814c165b21d1df3e147a03b27e91c,1653442940,0.06415315567791231,0.030055724764388964,18,1
584c75bb3eff565e5e4f090526863521cfcd6d64,1653478198,0.06523190544093768,0.030134942554724226,18,1
8f016570cd026de57bb09d17e654301ee8ba8ec4,1653503797,0.06523190544093768,0.030134942554724226,18,1
7b0ee6fdaa3a8994d2dd48d75cf903252d6bcbc6,1653658645,0.06751613488184238,0.03022076182758743,19,1
fb398284b17f9b6df21525a57b55acc6c6c55180,1653662113,0.06903483321106815,0.030240566275171247,20,1
8d1f30106d9a4e193e5762383696e49bfe06a76c,1653920676,0.06910077397977267,0.030240566275171247,20,1
9d3d0295fc7b2df493aa8ea27baa00e276b5f31d,1653920760,0.06910077397977267,0.030240566275171247,20,1
ded8650219ccd23e8534d312009ad310f40867a8,1655347624,0.07014346238491276,0.030313182582978573,20,1
997f559af35b77453c25bb1e88fa2c1988b80b9f,1655671269,0.0745347054508288,0.030606948555471844,21,1
f2cc613ffb589b54b8ac7efe047fdb6932c1bb6f,1656891529,0.0745347054508288,0.030606948555471844,21,1
64259a3f6afc6268577ea67bb9a7e7cde8bb6fdd,1656901397,0.07513538464074646,0.030606948555471844,21,1
d2fa6028d9ec44ceb9f0c9261806badafdbd7a14,1656961962,0.07513538464074646,0.030606948555471844,21,1
b71f00ef6797b916e7850aa656e990acb8f1a594,1657293069,0.0756845476051137,0.030606948555471844,21,1
098e3f2727502925ac09dc923f6c9152b7ecd7c2,1657293091,0.0757618219434393,0.03064738263595547,21,1
db7eed1924fd79be4e1a337b31fea2110ab22fe9,1657299246,0.0757618219434393,0.03064738263595547,21,1
b2c10aa43df5f4c81af6d549d49e75d6f630379d,1657300177,0.07710948640383775,0.030787664139674167,22,1
87fd71ebdf07f1158cf85498aa632a1dedad5ba2,1657309421,0.07722797372260368,0.030867707115325424,22,1
e0605084b6481610f9940d7360781fad2c9484ba,1657310667,0.07722797372260368,0.030867707115325424,22,1
fdfafd9cb745ba1c49d07c811ac52c2794d94fe4,1657394547,0.08128024002439808,0.030956827129452597,23,1
60722da9ab69d6246ac782368af1bbf8dc853f1f,1657418729,0.08161097419243164,0.03097993231830038,23,1
00e074a81dc72a6b38dfaf824868f6a8205888f1,1657481025,0.08209831768613843,0.031062450849899618,23,1
6580a0c03fd92844b99a5c92eaa11da624b31f31,1657495508,0.08272887628687531,0.03108885678001137,23,1
4b38fd8a0786f565776a3405db782009190982d9,1657496178,0.08272887628687531,0.03108885678001137,23,1
403c29a03b37bb66e7fb735073ac6d46fdaaecb0,1657496190,0.08272887628687531,0.03108885678001137,23,1
035a0aee70f8a02a2526e3aee26172959ffa114d,1657536096,0.08372313943999803,0.03125719458447381,24,1
b564cee4d9666a2ef74450843daca98fcb028295,1657678786,0.0853335366507035,0.031310006444697315,24,1
564b864ea7a1aab22996ae20c45a20c267fe8fea,1657793958,0.0862227067037034,0.031336412374809074,25,1
ddba24b9ce2a65f72052e715c95a16a7d1652070,1657910725,0.0862227067037034,0.031336412374809074,25,1
156d45e015bf9da1ea2abb695d2541bf27058559,1657910739,0.0862227067037034,0.031336412374809074,25,1
af750a8bba6c3692a0527719ad2ed17618fd2270,1657911970,0.0862227067037034,0.031336412374809074,25,1
4b63fa4df49bfba76848f846368e84a41e13c0dc,1657914615,0.08726127381079946,0.031336412374809074,25,1
8a484f2dd91da77efcd3118434dab8e47edf0104,1657926009,0.08726127381079946,0.031336412374809074,25,1
e49f585e99b81bc002822cad37b918dfd0c93d19,1658004725,0.08758788668078898,0.03135621682239289,25,1
58384b458035398cd1e5e2faa967b7bf015c0755,1658005849,0.08758788668078898,0.03135621682239289,25,1
19e49b4d387198780148c02caadbe381758fdad6,1658006469,0.08758788668078898,0.03135621682239289,25,1
1d0faecc17438a07e27cbd41bd783a01d9c90773,1658080714,0.08808347277058383,0.031362818304920825,25,1
e4c92fb3ee7820ddb82cc6cdcb473dd7d1953051,1658089508,0.08828541637474138,0.03180511763429272,25,1
bbfc01140ec28fda727a3e55f17792f19a917974,1658112856,0.08967841511362419,0.031818320599348596,26,1
94d63c8e87acb2155678583010e0f159a27b1a19,1658350315,0.0922985303451175,0.03189093690715592,26,1
7ea67e5d73829c51a7c0d288436064f9668d4e7e,1658554488,0.09357304176523437,0.03199491025697096,27,1
de2ab27e5d0b2e1b12c4c4c7381802f6d098ae6e,1658920271,0.09366267999769207,0.032055973970354396,27,1
efb7090df3ccfe213dbe5cdd0ea249633b9e9429,1659005841,0.09521640936029212,0.032092282124258055,27,1
4b588a1a11656d055af06ae3f50afe0151f473b0,1659350340,0.09521640936029212,0.032092282124258055,27,1
26c784d2bd7ef95e886f4ea1e14a2688b17ecce6,1659621780,0.09655995252264653,0.03212528953689775,28,1
233b304b8ede2b250502a48099d986fa62e9a6a8,1659692268,0.09655995252264653,0.03212528953689775,28,1
28c1708e9212106abdab5385ee54f9509342438b,1659692280,0.09655995252264653,0.03212528953689775,28,1
25fc38470c182c376fcc5b65e6b6d24d80434fce,1659692294,0.09657334674128963,0.03212528953689775,28,1
1caef228014c075467a6ac9a6e5f0d26d709eb84,1659706192,0.09657334674128963,0.03212528953689775,28,1
8ea1332accad487f40f4dd8f1b1337436e169412,1659714679,0.09657334674128963,0.03212528953689775,28,1
f8431c7714eb60fb18ca61aa0c7b8afb105a28a9,1659740626,0.0992120078139811,0.03216159769080141,28,1
4b2a8b3ad9b5f4d55786b52125ba20a3fafd5b34,1659793485,0.0992120078139811,0.03216159769080141,28,1
18a66f975472c069cd687a232cbc0eaa82678a53,1660009184,0.10047621598898789,0.03218800362091317,29,1
3c60dcdc655dc7e0ec9e7b26e9b30bdc91b67a29,1660009938,0.10047621598898789,0.03218800362091317,29,1
ecc330e6f69f0f73f3cc36a2390d4fc07742d03e,1660042512,0.10047621598898789,0.03218800362091317,29,1
4ecf45d64adcd2b1d7e794b64209009f466f3db2,1660050440,0.10047621598898789,0.03218800362091317,29,1
5543428b2a7a73bf84c457236d510e8ec10e1b88,1660054995,0.10047621598898789,0.03218800362091317,29,1
a9d0261425c1c08a5847bea7d4aca51e611f8270,1660081890,0.10047621598898789,0.03218800362091317,29,1
febb0071c24eb43501d1d802e7b8afae7b2dabe5,1660146142,0.10339718597769554,0.03227382289377637,29,1
d81958c97f2f5f55903051c3f4cdcc902b296c3a,1660157703,0.10339718597769554,0.03227382289377637,29,1
7ebc05e4399b3c484d23f32db8923c8454dd8e4f,1660225553,0.10339718597769554,0.03227382289377637,29,1
217dc6468c2ddba66252c41d0f52b101462d85f6,1660225596,0.1045161183966502,0.03232003327147194,30,1
fb168c100cb0a64bcc1179e927949f238f27189d,1660237505,0.1045161183966502,0.03232003327147194,30,1
b69feae8dd560528f96000cfcd0c85c018338c1e,1660253864,0.1045161183966502,0.03232003327147194,30,1
a6e8d572bdd3b0ae0fdf4710456eb395a73c2328,1660277585,0.1045161183966502,0.03232003327147194,30,1
33cd31ed3d85283d3ab0c519e317226b9ae837a9,1660310780,0.10581123630698724,0.032353040684111635,30,1
a1b4be7c7f760240c632491e9d2deb7e3775a43b,1660374130,0.10581123630698724,0.032353040684111635,30,1
8f11e59dd109bf8184caed22b68d7ba26d593816,1660376158,0.10581123630698724,0.032353040684111635,30,1
1e14a3ba7937d274aa7638501f2467e93c4f05e3,1660928231,0.10581123630698724,0.032353040684111635,30,1
82817278b197037bcdbb142974e4069860595b0a,1660928252,0.10903306105290922,0.032685590366456546,31,1
d5d67d77eb26527f15f31da84802f8b6c24aefcd,1661006322,0.11068570156856604,0.032924068922778334,32,1
be4c017a1d4c6797732d8860c0950d3775ae0ddd,1661011935,0.11068570156856604,0.032924068922778334,32,1
33a03fa963adc374d4905720318c5ceb477a8727,1661081525,0.11068570156856604,0.03297605559768585,32,1
cf1091ca7e1f128532c07d07b3ef2aa12846d53c,1661110408,0.11068570156856604,0.03297605559768585,32,1
80aaca1a0f87ff36bc01af71cc98461928e7fa36,1661164637,0.11068570156856604,0.03297605559768585,32,1
729af9dd9a4836c1ede7c67f044b8e9e57efe17a,1661164650,0.11068570156856604,0.03297605559768585,32,1
81336dc2b8fa5020838280eff19f7d3a85520d3a,1661164664,0.11068570156856604,0.03297605559768585,32,1
fcb5dd1583b470661867ac0813e74ccddc496491,1661164680,0.11068570156856604,0.03297605559768585,32,1
7920e7262503b3ff4a3afe640157fbff24914b1a,1661165304,0.11159238713825306,0.03302556671664539,32,1
b5e51a82bbab784f91290f29c1fce61dd220a16e,1661182134,0.11166966147657867,0.033035468940437296,32,1
bcb257c8d2a2a4566094c881a669f77c0a813e61,1661182561,0.11178196684827853,0.03307920376218489,32,1
e9ded95a69e7769d556fbb27a859d7ae80e657f1,1661250399,0.11248052686674195,0.033268171199547135,32,1
cd7330dfab734a362bb13c2a7cf1017d8fb9765c,1661251864,0.11472869494976137,0.033630427553267776,33,1
35bf5dcfb710a3064d8a056e2b2bb18a2e019a85,1661284325,0.11499554899811244,0.03368654015475525,33,1
fc405e56513eb21c109a42595150ad141456614d,1661284667,0.11499554899811244,0.03368654015475525,33,1
325fcb884026cfbc590228c50ae78edf81575b1e,1661293418,0.11499554899811244,0.03368654015475525,33,1
0c96fcccef04e561a663eeb7fa5d1c591a3c2c67,1661309085,0.11499554899811244,0.03368654015475525,33,1
f468c789e3fd971e65d88791b71523d45ee96cf9,1661310119,0.11499554899811244,0.03368654015475525,33,1
9ff1f68d743a96f65820fabf35c3acc2de03ee49,1661313362,0.11499554899811244,0.03368654015475525,33,1
830bf0da542cde048b71f0b52912506c119f5c26,1661315014,0.11535410192794322,0.03385817870048166,33,1
346f267c5ae1dbb1f28aee40cedb9360aa033782,1661315473,0.11535410192794322,0.03385817870048166,33,1
481c96bd8c666315370148999b1c935930d4f819,1661377837,0.11535410192794322,0.03385817870048166,33,1
0bfe63222dcbe511517b67646840d30645599da0,1661384618,0.11535410192794322,0.03385817870048166,33,1
a77a2b3019e5c85b78af617fb6b1d8239ae2f584,1661384930,0.11535410192794322,0.03385817870048166,33,1
1ac23a9455ea7f147a802afa5a46bb30f9f33d27,1661436395,0.11535410192794322,0.03385817870048166,33,1
24862d60933f1980edb6c69b52dfc6282c7b3831,1661456023,0.11535410192794322,0.03385817870048166,33,1
7d4db5829368a5589dc9a32dc134209c62b4f2c1,1661538134,0.11535410192794322,0.03385817870048166,33,1
a83151e71178c756bd479acf96d9e06610b97796,1661547854,0.11808858318015843,0.03385817870048166,34,1
3390f70aa0a34b544fae8e34baba61b360069ed2,1661550025,0.1181874943332152,0.03385817870048166,34,1
43a20ac60da8c7d1d7c115a2b0b6c1e67a477860,1661562351,0.1181874943332152,0.03385817870048166,34,1
444447cfb781a247e6471aaba9d1ade1653523d7,1661564305,0.1181874943332152,0.03385817870048166,34,1
2dc3d5f222b73be7dd305a799f3c1835217a2547,1661571298,0.11892726733211892,0.034838498855880556,34,1
ca3cd07646612d3a96c9a3869240aac61fa82e2a,1661580529,0.11892726733211892,0.034838498855880556,34,1
f770af50d1bb563862afb3b2bc7118bf344d7af7,1661581612,0.11892726733211892,0.034838498855880556,34,1
225f5d2b39677f941407bb8baa7728f5220376ad,1661620410,0.11892726733211892,0.034838498855880556,34,1
395efcf90580ac2759353bbb4b1d5d8abf38598a,1661633273,0.11892726733211892,0.034838498855880556,34,1
3c52b01c7aa3032c0c8cb91810a175c3f0c4b85d,1661638174,0.11980510381549773,0.034838498855880556,34,1
4b33bf526af7cad6227d946a3258c038101b3de5,1661641030,0.11993801567741776,0.03485830330346438,34,1
e263bbe522a275b6b865b5a933138621b2af77f9,1661642284,0.12006783656580476,0.03488470923357613,34,1
cc7807882b4b475272460fc62371606f04bd43c9,1661643536,0.12009668565211298,0.03488470923357613,34,1
6934b7a226797bc62954cb63cef8f12ec3ecf914,1661647640,0.12009668565211298,0.03488470923357613,34,1
4a681d779373315292bd8f6b28b272ce4be91f55,1661656788,0.12009668565211298,0.03488470923357613,34,1
c5af2368f766e00cb20d7268f284aaedff9aa4b4,1661657920,0.12009668565211298,0.03488470923357613,34,1
8e757b1af3b2f98c69780f72bc402128bf0d81f6,1661708987,0.12009668565211298,0.03488470923357613,34,1
10f63faeeddf7aca9e28c2e880d33bb2bafedd84,1661717165,0.12009668565211298,0.03488470923357613,34,1
f4c46c4c8c45635cbf0e992734d0a08ca62a8f86,1661717996,0.12009668565211298,0.03488470923357613,34,1
79bf233c69f1d6ff076446fb625776b29fca8b0f,1661720904,0.12009668565211298,0.03488470923357613,34,1
08e4e3325ecac154fa4f292b6c90d9a209522273,1661724554,0.12009668565211298,0.03488470923357613,34,1
3cde3ce9b0e82cab9ec0a0f0b9689488aa2c3f6b,1661807920,0.12009668565211298,0.03488470923357613,34,1
5542402ba971978f2f9f9ad76aa1ddbbd44a2485,1661825136,0.12009668565211298,0.03488470923357613,34,1
d0df1e7c02b5a854199e72daec17272abc1af03e,1661860304,0.12098585570511289,0.034916066275583836,35,1
64c073d240974a3f8c4a308ee7756f648461f987,1661888002,0.12098585570511289,0.034916066275583836,35,1
ff4156aed03a1ba3d21addc97c3302612cd56e92,1662011458,0.12098585570511289,0.034916066275583836,35,1
b30677f03ff2bda0cb5f83e7d0b3a56d99a98d0b,1662015844,0.1223819454175287,0.035099257415734136,35,1
b3abf02e94d938996a1ef03ded4046c9d855ca8c,1662030148,0.12666809538332194,0.03513886631090177,36,1
8bcfaf8bfb495bcef57fe314e5b3f1f52e236418,1662061561,0.12666809538332194,0.03513886631090177,36,1
917c5fa941c4ef002215af6ae52dfd804152d332,1662093089,0.1275139918068595,0.03520488113618116,36,1
4f6e017127ae2f00f359d89fc417d7f77e95f764,1662128359,0.1275139918068595,0.03520488113618116,36,1
aad5bd440d7c27dfcc3efd8c7f16517b9168819a,1662175723,0.1275139918068595,0.03520488113618116,36,1
5522557e56ebe18bb8fb98b1457323d0c3a6e39b,1662220756,0.1275139918068595,0.03520488113618116,36,1
1040fe1a9231911a7cdc4aaf0b4c7e1b247c9f6c,1662230968,0.13163941114893546,0.03604574497317735,38,1
8c81cd6429975a7b36d1513f8ce24f1e55d0cb9c,1662244857,0.13175583781867936,0.03668361322243943,38,1
cb40a7d3f48c5f9bf3eab0239ce27ba87aa0a4a5,1662246914,0.13175583781867936,0.03668361322243943,38,1
abf9c6839a97ed6d35cdc436316ff73c77e9ded1,1662279163,0.13175583781867936,0.03668361322243943,38,1
e4667d663524c36d3e1ca76d8d4e42d96f90a030,1662288258,0.13175583781867936,0.03668361322243943,38,1
980f275352289018e158466565f5fd59c59aa2d5,1662302431,0.13175583781867936,0.03668361322243943,38,1
bad698ad4e408cfcffdcc4597e8358eedb859263,1662303341,0.13175583781867936,0.03668361322243943,38,1
1e345eb1b9cf224803a7ee284cbd6522761100a9,1662306235,0.13175583781867936,0.03668361322243943,38,1
23aec672e5c229f549e714e1adeb8698961b6c17,1662306783,0.13175583781867936,0.03668361322243943,38,1
f951c74e9aa1f740a7b047b7d56edd1087077583,1662334334,0.13175583781867936,0.03668361322243943,38,1
20b1077c76801e9a729eeeb7cc73099203613aad,1662365076,0.13175583781867936,0.03668361322243943,38,1
0aee007c5b4f3a733a9aba5314a5137db38de3a8,1662403929,0.13175583781867936,0.03668361322243943,38,1
e6313b029271b33274a6e363d702ced4a6fbac67,1662543713,0.13190420454826451,0.036946022152924994,38,1
a1c1c45b811197c17e2aea0ccd9c454bcfbb6d56,1662761122,0.13245130686360976,0.037265368870214026,38,1
940bad696b5d455cb9c0c5677dc672ee26bf0c23,1662761439,0.13276761648848923,0.03729507554158975,38,1
9a66c2ca0fcded57909d09fad09a3986b6694912,1662778866,0.1337464247739468,0.037420503709620585,38,1
3a3979839b2bfc9e1454b3bc9cf1f524723bdea1,1662804073,0.1337464247739468,0.037420503709620585,38,1
c9db06801963ff11cbc5b61efb490d7a06a19f63,1662946407,0.1337464247739468,0.037420503709620585,38,1
ddab05163ccaf8ba18c86445987db8c6477b9e5a,1663028487,0.13810881875355463,0.039998382636780655,40,2
ca747ecc168703a280a95022bc0b0801661ec76d,1663135701,0.1389835642634004,0.04024016193436641,40,2
a7cd5b9942ec181f3500f6d7cba0013bafe301a5,1663179384,0.1389835642634004,0.04024016193436641,40,2
463fe1ec29438bca6f3307aff9f786003cea17c6,1663214076,0.1389835642634004,0.04024016193436641,40,2
33415e2b9b7a5744d9cdf407d6e2e204b9a37c2d,1663313816,0.1389835642634004,0.04024016193436641,40,2
ce69bd06b7d97ec17ffd4f653f0ef45b5993391d,1663391861,0.13926072155686156,0.04024016193436641,40,2
6dd267240abb336efa26c41179191e97d9d44daf,1663448994,0.13926072155686156,0.04024016193436641,40,2
692341cc9b8a96ea5ee88f117fa8e2e501205263,1663450537,0.13926072155686156,0.04024016193436641,40,2
f85045529a751302529663c77ab5362375cd9b11,1663458138,0.13926072155686156,0.04024016193436641,40,2
2d97ab92cc3f7bdee9d560b29dc14d453bf738b0,1663478052,0.13926072155686156,0.04024016193436641,40,2
5bf0547fce6c019ee13df109672e32b4628f412c,1663529392,0.13926072155686156,0.040279770829534045,40,2
8bb5949db54b5bdd55a7b2a45942ccb4b4a12a86,1663532744,0.13926072155686156,0.040276470088270074,40,2
bb653be4e5441155c188a4aedc80d35d1b6ab06f,1663557971,0.13970479142110598,0.040276470088270074,40,2
06062ec5cd18a69fa9bca84d2064187651783fec,1666829632,0.13970479142110598,0.040276470088270074,40,2
d00b11d0489b14401965c87bf386828d54fa0ccc,1666891891,0.14893752936424856,0.040302876018381825,43,2
dfa5964631023c961e07ef172fd6665b94ce55d2,1667092214,0.14893752936424856,0.040302876018381825,43,2
